[
  {
    "id": "2021b5c3-10f1-4f41-bf9f-d680fbac2dfd",
    "data": [
      {
        "text": "What is ",
        "userDefined": false
      },
      {
        "text": "Master Of Technology In Enterprise Business Analytics",
        "alias": "graduate-programme",
        "meta": "@graduate-programme",
        "userDefined": true
      },
      {
        "text": "\u0027s Learning Outcomes?",
        "userDefined": false
      }
    ],
    "isTemplate": false,
    "count": 0,
    "updated": 0
  }
]