[
  {
    "id": "ed77b5f1-7e27-4ee7-9f4c-890aeaa8251d",
    "data": [
      {
        "text": "How long is ",
        "userDefined": false
      },
      {
        "text": "part-time",
        "alias": "graduate-programme-ptft",
        "meta": "@graduate-programme-ptft",
        "userDefined": true
      },
      {
        "text": " ",
        "userDefined": false
      },
      {
        "text": "mtech-iss",
        "alias": "graduate-programme",
        "meta": "@graduate-programme",
        "userDefined": true
      }
    ],
    "isTemplate": false,
    "count": 0,
    "updated": 0
  },
  {
    "id": "9129a1dc-3ceb-46be-9c8b-e861531a3898",
    "data": [
      {
        "text": "How long is ",
        "userDefined": false
      },
      {
        "text": "Graduate Diploma In Systems Analysis",
        "alias": "graduate-programme",
        "meta": "@graduate-programme",
        "userDefined": true
      },
      {
        "text": " teach?",
        "userDefined": false
      }
    ],
    "isTemplate": false,
    "count": 0,
    "updated": 0
  }
]