[
  {
    "id": "5a876f4e-0d9f-4a97-9819-45c06d43d0cd",
    "data": [
      {
        "text": "hello",
        "userDefined": false
      }
    ],
    "isTemplate": false,
    "count": 0,
    "updated": 0
  },
  {
    "id": "ca231725-319f-43c0-85a5-44e0941138ed",
    "data": [
      {
        "text": "what is the programme ",
        "userDefined": false
      },
      {
        "text": "fee",
        "meta": "@sys.ignore",
        "userDefined": false
      },
      {
        "text": "?",
        "userDefined": false
      }
    ],
    "isTemplate": false,
    "count": 0,
    "updated": 0
  },
  {
    "id": "10f031ea-0b78-46ea-886a-dcb1ddebff49",
    "data": [
      {
        "text": "What is the ",
        "userDefined": false
      },
      {
        "text": "course fee",
        "meta": "@sys.ignore",
        "userDefined": false
      },
      {
        "text": "?",
        "userDefined": false
      }
    ],
    "isTemplate": false,
    "count": 0,
    "updated": 0
  },
  {
    "id": "5ac50865-ffd9-4d30-8eee-711bd48fcb92",
    "data": [
      {
        "text": "How much are the ",
        "userDefined": false
      },
      {
        "text": "course fees",
        "meta": "@sys.ignore",
        "userDefined": true
      },
      {
        "text": " for the ",
        "userDefined": false
      },
      {
        "text": "Masters of Intelligent Systems",
        "alias": "graduate-programme",
        "meta": "@graduate-programme",
        "userDefined": true
      },
      {
        "text": " for ",
        "userDefined": false
      },
      {
        "text": "Singaporeans",
        "alias": "application-group",
        "meta": "@application-group",
        "userDefined": true
      },
      {
        "text": "?",
        "userDefined": false
      }
    ],
    "isTemplate": false,
    "count": 0,
    "updated": 0
  }
]