[
  {
    "value": "graddip-sa",
    "synonyms": [
      "Graduate Diploma",
      "Graduate Diploma in System Analysis",
      "System Analysis"
    ]
  },
  {
    "value": "mtech-dl",
    "synonyms": [
      "Master Of Technology In Digital Leadership",
      "mtech-dl"
    ]
  },
  {
    "value": "mtech-ebac",
    "synonyms": [
      "Enterprise Business Analytics",
      "MTech Ebac",
      "MTech Enterprise BA",
      "Master Of Technology In Enterprise Business Analytics"
    ]
  },
  {
    "value": "mtech-is",
    "synonyms": [
      "Intelligent Systems",
      "MTech IS",
      "MTech Intelligent Systems",
      "Master of Intelligent Systems",
      "Master of Technology in Intelligent Systems",
      "Masters of Intelligent Systems"
    ]
  },
  {
    "value": "mtech-swe",
    "synonyms": [
      "Master Of Technology In Software Engineering",
      "mtech-swe"
    ]
  }
]